Fuel,2025,2024,2023,2022,RTO Office
CNG ONLY,266,220,74,24,AKLUJ-MH45
DIESEL,8973,6295,5602,6221,AKLUJ-MH45
DIESEL/HYBRID,1,0,0,1,AKLUJ-MH45
ELECTRIC(BOV),207,1264,1029,545,AKLUJ-MH45
ETHANOL,1,0,0,0,AKLUJ-MH45
LPG ONLY,32,17,16,10,AKLUJ-MH45
NOT APPLICABLE,294,62,165,291,AKLUJ-MH45
PETROL,18824,23536,19384,18302,AKLUJ-MH45
PETROL/CNG,1501,1377,939,527,AKLUJ-MH45
PETROL(E20)/CNG,172,0,0,0,AKLUJ-MH45
PETROL(E20)/HYBRID,6,0,0,0,AKLUJ-MH45
PETROL/ETHANOL,4938,462,220,0,AKLUJ-MH45
PETROL/HYBRID,57,99,136,129,AKLUJ-MH45
PETROL/LPG,7,3,4,13,AKLUJ-MH45
PURE EV,2448,726,0,0,AKLUJ-MH45
STRONG HYBRID EV,37,19,0,0,AKLUJ-MH45
CNG ONLY,37,9,1,0,AKOLA_-_MH30
DIESEL,4947,3313,3214,3396,AKOLA_-_MH30
DIESEL/HYBRID,4,1,0,0,AKOLA_-_MH30
ELECTRIC(BOV),598,1888,1793,795,AKOLA_-_MH30
ETHANOL,1,0,0,0,AKOLA_-_MH30
LPG ONLY,195,185,174,134,AKOLA_-_MH30
NOT APPLICABLE,566,483,362,433,AKOLA_-_MH30
PETROL,21123,26386,23506,23213,AKOLA_-_MH30
PETROL/CNG,486,189,49,37,AKOLA_-_MH30
PETROL(E20)/CNG,52,0,0,0,AKOLA_-_MH30
PETROL(E20)/HYBRID,43,0,0,0,AKOLA_-_MH30
PETROL/ETHANOL,7823,535,318,0,AKOLA_-_MH30
PETROL/HYBRID,248,331,304,246,AKOLA_-_MH30
PETROL/LPG,9,1,1,24,AKOLA_-_MH30
PURE EV,2958,1024,0,0,AKOLA_-_MH30
STRONG HYBRID EV,38,24,0,0,AKOLA_-_MH30
CNG ONLY,203,160,38,4,AMBEJOGAI-MH44
DIESEL,4294,2706,2883,3457,AMBEJOGAI-MH44
DIESEL/HYBRID,1,1,0,0,AMBEJOGAI-MH44
ELECTRIC(BOV),35,330,477,536,AMBEJOGAI-MH44
NOT APPLICABLE,866,336,715,935,AMBEJOGAI-MH44
PETROL,13684,14709,12826,13299,AMBEJOGAI-MH44
PETROL/CNG,860,738,392,238,AMBEJOGAI-MH44
PETROL(E20)/CNG,89,0,0,0,AMBEJOGAI-MH44
PETROL(E20)/HYBRID,1,0,0,0,AMBEJOGAI-MH44
PETROL/ETHANOL,3176,235,163,0,AMBEJOGAI-MH44
PETROL/HYBRID,29,53,60,55,AMBEJOGAI-MH44
PURE EV,793,246,0,0,AMBEJOGAI-MH44
STRONG HYBRID EV,31,13,0,0,AMBEJOGAI-MH44
CNG ONLY,68,74,2,1,AMRAWATI-MH27
DIESEL,6188,4417,4342,4379,AMRAWATI-MH27
DIESEL/HYBRID,3,5,2,1,AMRAWATI-MH27
ELECTRIC(BOV),658,4176,5251,2940,AMRAWATI-MH27
ETHANOL,2,0,0,0,AMRAWATI-MH27
LPG ONLY,864,824,849,500,AMRAWATI-MH27
NOT APPLICABLE,406,404,387,360,AMRAWATI-MH27
PETROL,33271,43077,37837,38970,AMRAWATI-MH27
PETROL/CNG,768,547,109,77,AMRAWATI-MH27
PETROL(E20)/CNG,92,0,0,0,AMRAWATI-MH27
PETROL(E20)/HYBRID,44,0,0,0,AMRAWATI-MH27
PETROL/ETHANOL,12453,678,464,0,AMRAWATI-MH27
PETROL/HYBRID,401,527,504,373,AMRAWATI-MH27
PETROL/HYBRID/CNG,0,1,0,0,AMRAWATI-MH27
PETROL/LPG,8,15,11,24,AMRAWATI-MH27
PURE EV,5912,2272,0,0,AMRAWATI-MH27
STRONG HYBRID EV,123,41,0,0,AMRAWATI-MH27
CNG ONLY,834,876,602,663,BARAMATI-MH42
DIESEL,9196,6207,5811,6046,BARAMATI-MH42
DIESEL/HYBRID,2,1,0,0,BARAMATI-MH42
ELECTRIC(BOV),269,2087,2334,800,BARAMATI-MH42
ETHANOL,3,0,0,0,BARAMATI-MH42
NOT APPLICABLE,315,248,274,570,BARAMATI-MH42
PETROL,17886,22383,20882,21224,BARAMATI-MH42
PETROL/CNG,3904,3086,2571,2240,BARAMATI-MH42
PETROL(E20)/CNG,512,0,0,0,BARAMATI-MH42
PETROL(E20)/HYBRID,12,0,0,0,BARAMATI-MH42
PETROL/ETHANOL,7048,738,428,0,BARAMATI-MH42
PETROL/HYBRID,115,156,255,198,BARAMATI-MH42
PETROL/LPG,14,15,6,1,BARAMATI-MH42
PURE EV,3771,1615,0,0,BARAMATI-MH42
STRONG HYBRID EV,94,45,0,0,BARAMATI-MH42
CNG ONLY,224,100,22,14,BEED-MH23
DIESEL,6361,4236,4078,4680,BEED-MH23
DIESEL/HYBRID,3,0,0,0,BEED-MH23
ELECTRIC(BOV),226,1304,1284,457,BEED-MH23
NOT APPLICABLE,12,10,37,59,BEED-MH23
PETROL,17805,19567,17200,17784,BEED-MH23
PETROL/CNG,1087,767,475,269,BEED-MH23
PETROL(E20)/CNG,132,0,0,0,BEED-MH23
PETROL(E20)/HYBRID,7,0,0,0,BEED-MH23
PETROL/ETHANOL,4475,423,284,0,BEED-MH23
PETROL/HYBRID,33,70,98,85,BEED-MH23
PURE EV,2754,944,0,0,BEED-MH23
STRONG HYBRID EV,35,21,0,0,BEED-MH23
CNG ONLY,1,1,0,0,BHADGAON-MH54
DIESEL,2289,1212,1295,1300,BHADGAON-MH54
DIESEL/HYBRID,2,0,0,0,BHADGAON-MH54
ELECTRIC(BOV),99,368,442,371,BHADGAON-MH54
LPG ONLY,59,47,27,11,BHADGAON-MH54
NOT APPLICABLE,50,47,67,83,BHADGAON-MH54
PETROL,8359,10500,9099,8500,BHADGAON-MH54
PETROL/CNG,234,119,92,48,BHADGAON-MH54
PETROL(E20)/CNG,22,0,0,0,BHADGAON-MH54
PETROL(E20)/HYBRID,10,0,0,0,BHADGAON-MH54
PETROL(E20)/LPG,2,0,0,0,BHADGAON-MH54
PETROL/ETHANOL,3727,113,109,0,BHADGAON-MH54
PETROL/HYBRID,67,48,74,70,BHADGAON-MH54
PETROL/LPG,48,39,16,28,BHADGAON-MH54
PURE EV,793,223,0,0,BHADGAON-MH54
STRONG HYBRID EV,14,7,0,0,BHADGAON-MH54
CNG ONLY,35,32,3,0,BHANDARA-MH36
DIESEL,3703,2777,2060,2036,BHANDARA-MH36
DIESEL/HYBRID,0,1,1,0,BHANDARA-MH36
ELECTRIC(BOV),276,1003,878,353,BHANDARA-MH36
ETHANOL,1,0,0,0,BHANDARA-MH36
LPG ONLY,33,13,10,7,BHANDARA-MH36
NOT APPLICABLE,824,1026,573,384,BHANDARA-MH36
PETROL,14193,16441,13154,12906,BHANDARA-MH36
PETROL/CNG,390,235,113,26,BHANDARA-MH36
PETROL(E20)/CNG,48,0,0,0,BHANDARA-MH36
PETROL(E20)/HYBRID,30,0,0,0,BHANDARA-MH36
PETROL/ETHANOL,5269,252,110,0,BHANDARA-MH36
PETROL/HYBRID,158,185,150,106,BHANDARA-MH36
PETROL/LPG,1,2,0,1,BHANDARA-MH36
PURE EV,1983,788,0,0,BHANDARA-MH36
STRONG HYBRID EV,18,5,0,0,BHANDARA-MH36
CNG ONLY,17,4,1,0,BULDHANA-MH28
DIESEL,4830,3283,3455,3425,BULDHANA-MH28
DIESEL/HYBRID,2,1,0,0,BULDHANA-MH28
ELECTRIC(BOV),140,611,494,312,BULDHANA-MH28
ETHANOL,1,0,0,0,BULDHANA-MH28
LPG ONLY,112,33,25,8,BULDHANA-MH28
NOT APPLICABLE,275,200,289,268,BULDHANA-MH28
PETROL,17734,18570,16922,16735,BULDHANA-MH28
PETROL/CNG,554,295,130,86,BULDHANA-MH28
PETROL(E20)/CNG,81,0,0,0,BULDHANA-MH28
PETROL(E20)/HYBRID,18,0,0,0,BULDHANA-MH28
PETROL/ETHANOL,5867,374,241,0,BULDHANA-MH28
PETROL/HYBRID,103,105,161,114,BULDHANA-MH28
PETROL/LPG,12,10,3,9,BULDHANA-MH28
PURE EV,1684,479,0,0,BULDHANA-MH28
STRONG HYBRID EV,21,10,0,0,BULDHANA-MH28
CNG ONLY,8,3,1,1,CHALISGAON-MH52
DIESEL,1244,741,775,901,CHALISGAON-MH52
ELECTRIC(BOV),28,96,137,117,CHALISGAON-MH52
ETHANOL,1,0,0,0,CHALISGAON-MH52
LPG ONLY,82,52,14,1,CHALISGAON-MH52
NOT APPLICABLE,90,46,51,75,CHALISGAON-MH52
PETROL,4738,5752,4363,4618,CHALISGAON-MH52
PETROL/CNG,159,81,54,23,CHALISGAON-MH52
PETROL(E20)/CNG,22,0,0,0,CHALISGAON-MH52
PETROL(E20)/HYBRID,4,0,0,0,CHALISGAON-MH52
PETROL/ETHANOL,1673,60,38,0,CHALISGAON-MH52
PETROL/HYBRID,14,27,24,15,CHALISGAON-MH52
PETROL/LPG,4,6,3,9,CHALISGAON-MH52
PURE EV,319,120,0,0,CHALISGAON-MH52
STRONG HYBRID EV,6,4,0,0,CHALISGAON-MH52
CNG ONLY,435,636,501,469,CHHATRAPATI_SAMBHAJINAGAR-MH20
DIESEL,12678,9839,8648,8414,CHHATRAPATI_SAMBHAJINAGAR-MH20
DIESEL/HYBRID,36,15,7,2,CHHATRAPATI_SAMBHAJINAGAR-MH20
ELECTRIC(BOV),1385,5990,6380,4666,CHHATRAPATI_SAMBHAJINAGAR-MH20
ETHANOL,4,0,0,0,CHHATRAPATI_SAMBHAJINAGAR-MH20
LPG ONLY,1198,1110,847,159,CHHATRAPATI_SAMBHAJINAGAR-MH20
NOT APPLICABLE,559,460,461,842,CHHATRAPATI_SAMBHAJINAGAR-MH20
PETROL,48096,55693,51414,49636,CHHATRAPATI_SAMBHAJINAGAR-MH20
PETROL/CNG,4001,3118,1997,1447,CHHATRAPATI_SAMBHAJINAGAR-MH20
PETROL(E20)/CNG,436,0,0,0,CHHATRAPATI_SAMBHAJINAGAR-MH20
PETROL(E20)/HYBRID,42,0,0,0,CHHATRAPATI_SAMBHAJINAGAR-MH20
PETROL/ETHANOL,16334,1676,1031,0,CHHATRAPATI_SAMBHAJINAGAR-MH20
PETROL/HYBRID,285,399,598,387,CHHATRAPATI_SAMBHAJINAGAR-MH20
PETROL/HYBRID/CNG,1,1,0,0,CHHATRAPATI_SAMBHAJINAGAR-MH20
PETROL/LPG,17,23,8,22,CHHATRAPATI_SAMBHAJINAGAR-MH20
PURE EV,8984,2887,0,0,CHHATRAPATI_SAMBHAJINAGAR-MH20
STRONG HYBRID EV,219,120,0,0,CHHATRAPATI_SAMBHAJINAGAR-MH20
CNG ONLY,543,492,261,133,DHARASHIV_-_MH25
DIESEL,7940,5391,5184,5871,DHARASHIV_-_MH25
DIESEL/HYBRID,1,1,0,0,DHARASHIV_-_MH25
ELECTRIC(BOV),148,582,693,276,DHARASHIV_-_MH25
LPG ONLY,1,14,18,12,DHARASHIV_-_MH25
NOT APPLICABLE,397,89,153,329,DHARASHIV_-_MH25
PETROL,17690,20523,18234,18723,DHARASHIV_-_MH25
PETROL/CNG,1698,1462,1013,851,DHARASHIV_-_MH25
PETROL(E20)/CNG,211,0,0,0,DHARASHIV_-_MH25
PETROL(E20)/HYBRID,6,0,0,0,DHARASHIV_-_MH25
PETROL/ETHANOL,5498,451,221,0,DHARASHIV_-_MH25
PETROL/HYBRID,37,52,104,74,DHARASHIV_-_MH25
PETROL/HYBRID/CNG,0,0,1,0,DHARASHIV_-_MH25
PETROL/LPG,0,1,0,3,DHARASHIV_-_MH25
PURE EV,1531,411,0,0,DHARASHIV_-_MH25
STRONG HYBRID EV,36,25,0,0,DHARASHIV_-_MH25
CNG ONLY,120,62,20,18,DHULE_-_MH18
DIESEL,6218,4257,4411,4492,DHULE_-_MH18
DIESEL/HYBRID,1,1,2,0,DHULE_-_MH18
ELECTRIC(BOV),185,1344,1561,962,DHULE_-_MH18
LPG ONLY,184,195,303,164,DHULE_-_MH18
NOT APPLICABLE,337,184,194,182,DHULE_-_MH18
PETROL,21744,24496,22441,22257,DHULE_-_MH18
PETROL/CNG,1069,653,372,190,DHULE_-_MH18
PETROL(E20)/CNG,112,0,0,0,DHULE_-_MH18
PETROL(E20)/HYBRID,8,0,0,0,DHULE_-_MH18
PETROL(E20)/LPG,1,0,0,0,DHULE_-_MH18
PETROL/ETHANOL,7175,611,363,0,DHULE_-_MH18
PETROL/HYBRID,68,128,160,153,DHULE_-_MH18
PETROL/LPG,71,83,64,125,DHULE_-_MH18
PURE EV,2803,870,0,0,DHULE_-_MH18
STRONG HYBRID EV,43,20,0,0,DHULE_-_MH18
CNG ONLY,164,96,14,1,"DY_REGIONAL_TRANSPORT_OFFICE,_HINGOLI-MH38"
DIESEL,3228,2099,2060,2529,"DY_REGIONAL_TRANSPORT_OFFICE,_HINGOLI-MH38"
DIESEL/HYBRID,1,0,0,0,"DY_REGIONAL_TRANSPORT_OFFICE,_HINGOLI-MH38"
ELECTRIC(BOV),69,454,508,494,"DY_REGIONAL_TRANSPORT_OFFICE,_HINGOLI-MH38"
LPG ONLY,90,85,122,26,"DY_REGIONAL_TRANSPORT_OFFICE,_HINGOLI-MH38"
NOT APPLICABLE,469,413,379,501,"DY_REGIONAL_TRANSPORT_OFFICE,_HINGOLI-MH38"
PETROL,14089,15126,12310,12774,"DY_REGIONAL_TRANSPORT_OFFICE,_HINGOLI-MH38"
PETROL/CNG,808,576,244,103,"DY_REGIONAL_TRANSPORT_OFFICE,_HINGOLI-MH38"
PETROL(E20)/CNG,85,0,0,0,"DY_REGIONAL_TRANSPORT_OFFICE,_HINGOLI-MH38"
PETROL(E20)/HYBRID,5,0,0,0,"DY_REGIONAL_TRANSPORT_OFFICE,_HINGOLI-MH38"
PETROL/ETHANOL,3661,197,120,0,"DY_REGIONAL_TRANSPORT_OFFICE,_HINGOLI-MH38"
PETROL/HYBRID,32,29,52,60,"DY_REGIONAL_TRANSPORT_OFFICE,_HINGOLI-MH38"
PETROL/LPG,0,0,3,5,"DY_REGIONAL_TRANSPORT_OFFICE,_HINGOLI-MH38"
PURE EV,1053,378,0,0,"DY_REGIONAL_TRANSPORT_OFFICE,_HINGOLI-MH38"
STRONG HYBRID EV,13,11,0,0,"DY_REGIONAL_TRANSPORT_OFFICE,_HINGOLI-MH38"
CNG ONLY,1845,1727,1760,1984,DY_RTO_RATNAGIRI_-_MH8
DIESEL,2445,2112,2121,1837,DY_RTO_RATNAGIRI_-_MH8
DIESEL/HYBRID,4,1,1,0,DY_RTO_RATNAGIRI_-_MH8
ELECTRIC(BOV),151,1126,1162,655,DY_RTO_RATNAGIRI_-_MH8
ETHANOL,1,1,0,0,DY_RTO_RATNAGIRI_-_MH8
LPG ONLY,19,30,18,24,DY_RTO_RATNAGIRI_-_MH8
NOT APPLICABLE,0,4,1,5,DY_RTO_RATNAGIRI_-_MH8
PETROL,17680,18540,17070,16236,DY_RTO_RATNAGIRI_-_MH8
PETROL/CNG,2256,1861,1414,1886,DY_RTO_RATNAGIRI_-_MH8
PETROL(E20)/CNG,332,0,0,0,DY_RTO_RATNAGIRI_-_MH8
PETROL(E20)/HYBRID,16,0,0,0,DY_RTO_RATNAGIRI_-_MH8
PETROL/ETHANOL,5936,1009,589,0,DY_RTO_RATNAGIRI_-_MH8
PETROL/HYBRID,106,140,198,156,DY_RTO_RATNAGIRI_-_MH8
PETROL/LPG,0,1,2,5,DY_RTO_RATNAGIRI_-_MH8
PURE EV,1351,502,0,0,DY_RTO_RATNAGIRI_-_MH8
STRONG HYBRID EV,48,23,0,0,DY_RTO_RATNAGIRI_-_MH8
CNG ONLY,3,0,0,0,GADCHIROLI_-_MH33
DIESEL,4322,2627,2462,2148,GADCHIROLI_-_MH33
DIESEL/HYBRID,1,1,0,0,GADCHIROLI_-_MH33
DUAL DIESEL/LNG,9,0,0,0,GADCHIROLI_-_MH33
ELECTRIC(BOV),202,321,203,103,GADCHIROLI_-_MH33
LNG,28,0,0,0,GADCHIROLI_-_MH33
NOT APPLICABLE,918,496,399,344,GADCHIROLI_-_MH33
PETROL,13940,14654,11533,10516,GADCHIROLI_-_MH33
PETROL/CNG,50,11,6,12,GADCHIROLI_-_MH33
PETROL(E20)/CNG,6,0,0,0,GADCHIROLI_-_MH33
PETROL(E20)/HYBRID,33,0,0,0,GADCHIROLI_-_MH33
PETROL/ETHANOL,4054,129,46,0,GADCHIROLI_-_MH33
PETROL/HYBRID,99,130,106,103,GADCHIROLI_-_MH33
PURE EV,460,176,0,0,GADCHIROLI_-_MH33
STRONG HYBRID EV,7,3,0,0,GADCHIROLI_-_MH33
CNG ONLY,19,14,0,0,GONDHIA_-_MH35
DIESEL,3728,2578,2047,2132,GONDHIA_-_MH35
DIESEL/HYBRID,0,1,0,0,GONDHIA_-_MH35
ELECTRIC(BOV),370,1372,1110,371,GONDHIA_-_MH35
NOT APPLICABLE,708,722,488,343,GONDHIA_-_MH35
PETROL,15559,19934,16918,15158,GONDHIA_-_MH35
PETROL/CNG,410,220,66,40,GONDHIA_-_MH35
PETROL(E20)/CNG,38,0,0,0,GONDHIA_-_MH35
PETROL(E20)/HYBRID,24,0,0,0,GONDHIA_-_MH35
PETROL/ETHANOL,6685,99,46,0,GONDHIA_-_MH35
PETROL/HYBRID,150,202,161,103,GONDHIA_-_MH35
PURE EV,2729,1198,0,0,GONDHIA_-_MH35
STRONG HYBRID EV,25,22,0,0,GONDHIA_-_MH35
CNG ONLY,433,443,317,179,ICHALKARANJI_-_MH51
DIESEL,2260,1905,2262,2271,ICHALKARANJI_-_MH51
DIESEL/HYBRID,9,5,1,1,ICHALKARANJI_-_MH51
ELECTRIC(BOV),250,2169,4329,2773,ICHALKARANJI_-_MH51
ETHANOL,0,1,0,0,ICHALKARANJI_-_MH51
LPG ONLY,6,9,16,13,ICHALKARANJI_-_MH51
NOT APPLICABLE,296,334,232,269,ICHALKARANJI_-_MH51
PETROL,16356,16499,16892,16482,ICHALKARANJI_-_MH51
PETROL/CNG,1265,1033,918,739,ICHALKARANJI_-_MH51
PETROL(E20)/CNG,116,0,0,0,ICHALKARANJI_-_MH51
PETROL(E20)/HYBRID,8,0,0,0,ICHALKARANJI_-_MH51
PETROL/ETHANOL,4792,746,404,0,ICHALKARANJI_-_MH51
PETROL/HYBRID,70,121,198,130,ICHALKARANJI_-_MH51
PETROL/LPG,0,0,10,31,ICHALKARANJI_-_MH51
PURE EV,3964,1499,0,0,ICHALKARANJI_-_MH51
STRONG HYBRID EV,78,54,0,0,ICHALKARANJI_-_MH51
CNG ONLY,48,50,8,15,JALANA-MH21
DIESEL,7436,5387,4919,5651,JALANA-MH21
DIESEL/HYBRID,4,3,0,0,JALANA-MH21
ELECTRIC(BOV),286,1443,1510,1173,JALANA-MH21
LPG ONLY,374,393,384,121,JALANA-MH21
NOT APPLICABLE,633,428,490,611,JALANA-MH21
PETROL,24158,28938,24760,24629,JALANA-MH21
PETROL/CNG,917,697,365,295,JALANA-MH21
PETROL(E20)/CNG,88,0,0,0,JALANA-MH21
PETROL(E20)/HYBRID,9,0,0,0,JALANA-MH21
PETROL/ETHANOL,7017,594,288,0,JALANA-MH21
PETROL/HYBRID,56,97,126,84,JALANA-MH21
PETROL/LPG,1,2,8,17,JALANA-MH21
PURE EV,2874,1289,0,0,JALANA-MH21
STRONG HYBRID EV,41,27,0,0,JALANA-MH21
CNG ONLY,5143,4870,3493,3044,KALYAN_-_MH5
DIESEL,5801,4773,4669,3889,KALYAN_-_MH5
DIESEL/HYBRID,19,11,8,2,KALYAN_-_MH5
ELECTRIC(BOV),586,2704,3454,3321,KALYAN_-_MH5
ETHANOL,20,5,0,0,KALYAN_-_MH5
NOT APPLICABLE,1,9,0,0,KALYAN_-_MH5
PETROL,53267,63353,57805,57730,KALYAN_-_MH5
PETROL/CNG,9387,8916,7619,7847,KALYAN_-_MH5
PETROL(E20)/CNG,1180,1,0,0,KALYAN_-_MH5
PETROL(E20)/HYBRID,99,0,0,0,KALYAN_-_MH5
PETROL/ETHANOL,22623,2476,1251,0,KALYAN_-_MH5
PETROL/HYBRID,574,835,1209,656,KALYAN_-_MH5
PURE EV,2999,1110,0,0,KALYAN_-_MH5
STRONG HYBRID EV,488,243,0,0,KALYAN_-_MH5
CNG ONLY,406,402,206,127,KARAD_-_MH50
DIESEL,2229,1675,1680,1707,KARAD_-_MH50
DIESEL/HYBRID,3,1,2,1,KARAD_-_MH50
ELECTRIC(BOV),170,980,1152,1018,KARAD_-_MH50
LPG ONLY,9,16,29,49,KARAD_-_MH50
NOT APPLICABLE,268,167,171,177,KARAD_-_MH50
PETROL,11008,11767,10953,10119,KARAD_-_MH50
PETROL/CNG,1096,830,599,437,KARAD_-_MH50
PETROL(E20)/CNG,107,0,0,0,KARAD_-_MH50
PETROL(E20)/HYBRID,5,0,0,0,KARAD_-_MH50
PETROL/ETHANOL,3213,360,189,0,KARAD_-_MH50
PETROL/HYBRID,31,56,93,49,KARAD_-_MH50
PETROL/LPG,0,0,1,5,KARAD_-_MH50
PURE EV,1300,528,0,0,KARAD_-_MH50
STRONG HYBRID EV,46,16,0,0,KARAD_-_MH50
CNG ONLY,1,5,0,0,KHAMGAON_-_MH56
DIESEL,3055,1867,1762,1710,KHAMGAON_-_MH56
DIESEL/HYBRID,2,0,0,0,KHAMGAON_-_MH56
ELECTRIC(BOV),151,407,335,284,KHAMGAON_-_MH56
LPG ONLY,123,87,57,29,KHAMGAON_-_MH56
NOT APPLICABLE,329,163,175,109,KHAMGAON_-_MH56
PETROL,11126,15350,13610,12893,KHAMGAON_-_MH56
PETROL/CNG,229,100,51,19,KHAMGAON_-_MH56
PETROL(E20)/CNG,32,0,0,0,KHAMGAON_-_MH56
PETROL(E20)/HYBRID,12,0,0,0,KHAMGAON_-_MH56
PETROL/ETHANOL,4010,306,166,0,KHAMGAON_-_MH56
PETROL/HYBRID,79,124,125,105,KHAMGAON_-_MH56
PETROL/LPG,12,20,7,10,KHAMGAON_-_MH56
PURE EV,760,276,0,0,KHAMGAON_-_MH56
STRONG HYBRID EV,19,13,0,0,KHAMGAON_-_MH56
CNG ONLY,1109,1111,799,426,KOLHAPUR-MH09
DIESEL,5926,5257,4781,5344,KOLHAPUR-MH09
DIESEL/HYBRID,26,21,6,0,KOLHAPUR-MH09
ELECTRIC(BOV),949,7792,9558,5716,KOLHAPUR-MH09
ETHANOL,8,0,0,0,KOLHAPUR-MH09
LPG ONLY,49,53,91,56,KOLHAPUR-MH09
NOT APPLICABLE,345,214,192,348,KOLHAPUR-MH09
PETROL,36566,40339,35264,36403,KOLHAPUR-MH09
PETROL/CNG,3703,2913,2003,1679,KOLHAPUR-MH09
PETROL(E20)/CNG,367,0,0,0,KOLHAPUR-MH09
PETROL(E20)/HYBRID,50,0,0,0,KOLHAPUR-MH09
PETROL/ETHANOL,12151,1516,627,0,KOLHAPUR-MH09
PETROL/HYBRID,306,372,538,355,KOLHAPUR-MH09
PETROL/LPG,1,2,26,66,KOLHAPUR-MH09
PURE EV,10151,3992,0,0,KOLHAPUR-MH09
STRONG HYBRID EV,221,104,0,0,KOLHAPUR-MH09
CNG ONLY,216,114,26,11,MALEGAON_-_MH41
DIESEL,9729,6645,5150,6116,MALEGAON_-_MH41
DIESEL/HYBRID,2,4,1,0,MALEGAON_-_MH41
ELECTRIC(BOV),222,1777,1385,1104,MALEGAON_-_MH41
ETHANOL,0,1,0,0,MALEGAON_-_MH41
LPG ONLY,115,168,101,67,MALEGAON_-_MH41
NOT APPLICABLE,1718,1554,1058,1673,MALEGAON_-_MH41
PETROL,20355,25431,22455,21521,MALEGAON_-_MH41
PETROL/CNG,1063,870,575,371,MALEGAON_-_MH41
PETROL(E20)/CNG,117,0,0,0,MALEGAON_-_MH41
PETROL(E20)/HYBRID,7,0,0,0,MALEGAON_-_MH41
PETROL(E20)/LPG,1,1,0,0,MALEGAON_-_MH41
PETROL/ETHANOL,6729,461,235,0,MALEGAON_-_MH41
PETROL/HYBRID,47,100,94,79,MALEGAON_-_MH41
PETROL/LPG,3,8,17,27,MALEGAON_-_MH41
PURE EV,5014,2135,0,0,MALEGAON_-_MH41
STRONG HYBRID EV,42,27,0,0,MALEGAON_-_MH41
CNG ONLY,1309,1473,1119,556,MIRA_BHAYANDAR_-_MH58
DIESEL,1950,2217,1927,1534,MIRA_BHAYANDAR_-_MH58
DIESEL/HYBRID,7,13,4,0,MIRA_BHAYANDAR_-_MH58
DUAL DIESEL/CNG,0,0,0,1,MIRA_BHAYANDAR_-_MH58
ELECTRIC(BOV),82,651,944,864,MIRA_BHAYANDAR_-_MH58
ETHANOL,6,4,0,0,MIRA_BHAYANDAR_-_MH58
PETROL,12880,17419,16141,15057,MIRA_BHAYANDAR_-_MH58
PETROL/CNG,1707,1802,1473,1445,MIRA_BHAYANDAR_-_MH58
PETROL(E20)/CNG,226,0,0,0,MIRA_BHAYANDAR_-_MH58
PETROL(E20)/HYBRID,55,0,0,0,MIRA_BHAYANDAR_-_MH58
PETROL/ETHANOL,6013,785,416,0,MIRA_BHAYANDAR_-_MH58
PETROL/HYBRID,253,474,507,303,MIRA_BHAYANDAR_-_MH58
PURE EV,562,231,0,0,MIRA_BHAYANDAR_-_MH58
STRONG HYBRID EV,169,98,0,0,MIRA_BHAYANDAR_-_MH58
CNG ONLY,772,970,571,1358,MUMBAI_CENTRAL-MH01
DIESEL,5006,6067,6294,6492,MUMBAI_CENTRAL-MH01
DIESEL/HYBRID,256,169,109,31,MUMBAI_CENTRAL-MH01
ELECTRIC(BOV),1221,2802,3724,3740,MUMBAI_CENTRAL-MH01
ETHANOL,10,2,0,0,MUMBAI_CENTRAL-MH01
NOT APPLICABLE,7,12,7,4,MUMBAI_CENTRAL-MH01
PETROL,39548,49008,46970,46508,MUMBAI_CENTRAL-MH01
PETROL/CNG,7464,6529,5596,5134,MUMBAI_CENTRAL-MH01
PETROL(E20)/CNG,728,0,0,0,MUMBAI_CENTRAL-MH01
PETROL(E20)/HYBRID,208,0,0,0,MUMBAI_CENTRAL-MH01
PETROL/ETHANOL,13997,1926,857,0,MUMBAI_CENTRAL-MH01
PETROL/HYBRID,1516,2504,3177,1872,MUMBAI_CENTRAL-MH01
PLUG-IN HYBRID EV,4,3,0,0,MUMBAI_CENTRAL-MH01
PURE EV,3696,796,0,0,MUMBAI_CENTRAL-MH01
STRONG HYBRID EV,1664,1109,0,0,MUMBAI_CENTRAL-MH01
CNG ONLY,4195,3819,2918,2385,MUMBAI_EAST-MH03
DIESEL,5440,5475,5710,5315,MUMBAI_EAST-MH03
DIESEL/HYBRID,95,81,28,13,MUMBAI_EAST-MH03
ELECTRIC(BOV),429,1729,2683,2706,MUMBAI_EAST-MH03
ETHANOL,4,5,0,0,MUMBAI_EAST-MH03
PETROL,44454,52205,47785,48056,MUMBAI_EAST-MH03
PETROL/CNG,6704,7011,4420,4296,MUMBAI_EAST-MH03
PETROL(E20)/CNG,771,0,0,1,MUMBAI_EAST-MH03
PETROL(E20)/HYBRID,161,0,0,0,MUMBAI_EAST-MH03
PETROL/ETHANOL,17032,2716,1429,0,MUMBAI_EAST-MH03
PETROL/HYBRID,898,1499,1941,1132,MUMBAI_EAST-MH03
PLUG-IN HYBRID EV,3,1,0,0,MUMBAI_EAST-MH03
PURE EV,3749,1825,0,0,MUMBAI_EAST-MH03
STRONG HYBRID EV,994,572,0,0,MUMBAI_EAST-MH03
CNG ONLY,4457,3612,2874,1743,MUMBAI_WEST-MH02
DIESEL,4363,4668,5148,4854,MUMBAI_WEST-MH02
DIESEL/HYBRID,212,183,100,27,MUMBAI_WEST-MH02
ELECTRIC(BOV),605,2404,3222,3238,MUMBAI_WEST-MH02
ETHANOL,8,3,0,0,MUMBAI_WEST-MH02
LNG,12,7,0,0,MUMBAI_WEST-MH02
NOT APPLICABLE,16,0,1,18,MUMBAI_WEST-MH02
PETROL,30170,39232,37596,37126,MUMBAI_WEST-MH02
PETROL/CNG,4428,4953,3386,2496,MUMBAI_WEST-MH02
PETROL(E20)/CNG,615,0,0,0,MUMBAI_WEST-MH02
PETROL(E20)/HYBRID,190,0,0,0,MUMBAI_WEST-MH02
PETROL/ETHANOL,11903,1345,648,0,MUMBAI_WEST-MH02
PETROL/HYBRID,1217,2029,2916,1390,MUMBAI_WEST-MH02
PLUG-IN HYBRID EV,8,0,0,0,MUMBAI_WEST-MH02
PURE EV,4000,1137,0,0,MUMBAI_WEST-MH02
STRONG HYBRID EV,1505,986,0,0,MUMBAI_WEST-MH02
CNG ONLY,270,150,19,82,NAGPUR_EAST_-_MH49
DIESEL,4335,3751,3388,3312,NAGPUR_EAST_-_MH49
DIESEL/HYBRID,14,5,9,2,NAGPUR_EAST_-_MH49
ELECTRIC(BOV),3022,10196,12832,7936,NAGPUR_EAST_-_MH49
ETHANOL,3,2,0,0,NAGPUR_EAST_-_MH49
LPG ONLY,862,994,725,244,NAGPUR_EAST_-_MH49
NOT APPLICABLE,53,19,18,12,NAGPUR_EAST_-_MH49
PETROL,35877,44073,40496,41494,NAGPUR_EAST_-_MH49
PETROL/CNG,1612,962,450,530,NAGPUR_EAST_-_MH49
PETROL(E20)/CNG,245,0,0,0,NAGPUR_EAST_-_MH49
PETROL(E20)/HYBRID,100,0,0,0,NAGPUR_EAST_-_MH49
PETROL/ETHANOL,16870,449,180,0,NAGPUR_EAST_-_MH49
PETROL/HYBRID,612,815,806,569,NAGPUR_EAST_-_MH49
PETROL/HYBRID/CNG,0,1,1,0,NAGPUR_EAST_-_MH49
PETROL/LPG,3,4,6,4,NAGPUR_EAST_-_MH49
PLUG-IN HYBRID EV,0,1,0,0,NAGPUR_EAST_-_MH49
PURE EV,10166,4870,0,0,NAGPUR_EAST_-_MH49
STRONG HYBRID EV,188,96,0,0,NAGPUR_EAST_-_MH49
CNG ONLY,131,95,15,11,NAGPUR_RURAL-MH40
DIESEL,9117,8317,9889,8362,NAGPUR_RURAL-MH40
DIESEL/HYBRID,6,2,3,0,NAGPUR_RURAL-MH40
ELECTRIC(BOV),960,3773,4010,2089,NAGPUR_RURAL-MH40
ETHANOL,1,0,0,0,NAGPUR_RURAL-MH40
LNG,25,15,25,0,NAGPUR_RURAL-MH40
LPG ONLY,74,39,43,16,NAGPUR_RURAL-MH40
NOT APPLICABLE,541,395,438,257,NAGPUR_RURAL-MH40
PETROL,34747,41170,36860,35585,NAGPUR_RURAL-MH40
PETROL/CNG,1156,682,331,355,NAGPUR_RURAL-MH40
PETROL(E20)/CNG,149,0,0,0,NAGPUR_RURAL-MH40
PETROL(E20)/HYBRID,56,0,0,0,NAGPUR_RURAL-MH40
PETROL/ETHANOL,12877,321,170,0,NAGPUR_RURAL-MH40
PETROL/HYBRID,291,443,371,297,NAGPUR_RURAL-MH40
PETROL/HYBRID/CNG,0,1,0,1,NAGPUR_RURAL-MH40
PETROL/LPG,2,5,3,8,NAGPUR_RURAL-MH40
PURE EV,4993,2216,0,0,NAGPUR_RURAL-MH40
STRONG HYBRID EV,56,29,0,0,NAGPUR_RURAL-MH40
CNG ONLY,97,47,15,28,NAGPUR_U_-_MH31
DIESEL,2486,2395,2378,2179,NAGPUR_U_-_MH31
DIESEL/HYBRID,20,22,11,4,NAGPUR_U_-_MH31
ELECTRIC(BOV),694,3178,3920,2598,NAGPUR_U_-_MH31
ETHANOL,5,1,0,0,NAGPUR_U_-_MH31
LPG ONLY,179,231,141,37,NAGPUR_U_-_MH31
NOT APPLICABLE,21,18,11,7,NAGPUR_U_-_MH31
PETROL,14791,19103,18908,18636,NAGPUR_U_-_MH31
PETROL/CNG,717,441,245,239,NAGPUR_U_-_MH31
PETROL(E20)/CNG,97,0,0,1,NAGPUR_U_-_MH31
PETROL(E20)/HYBRID,88,0,0,0,NAGPUR_U_-_MH31
PETROL/ETHANOL,7877,254,103,0,NAGPUR_U_-_MH31
PETROL/HYBRID,432,683,836,464,NAGPUR_U_-_MH31
PETROL/LPG,0,0,3,4,NAGPUR_U_-_MH31
PLUG-IN HYBRID EV,0,1,0,0,NAGPUR_U_-_MH31
PURE EV,4313,1755,0,0,NAGPUR_U_-_MH31
STRONG HYBRID EV,226,131,0,0,NAGPUR_U_-_MH31
CNG ONLY,786,748,437,28,NANDED_-_MH26
DIESEL,7004,5236,5000,5289,NANDED_-_MH26
DIESEL/HYBRID,1,3,2,0,NANDED_-_MH26
ELECTRIC(BOV),605,2398,2768,1718,NANDED_-_MH26
ETHANOL,0,1,0,0,NANDED_-_MH26
LPG ONLY,474,460,341,345,NANDED_-_MH26
NOT APPLICABLE,424,390,285,600,NANDED_-_MH26
PETROL,40226,44261,38865,37785,NANDED_-_MH26
PETROL/CNG,2398,1785,893,506,NANDED_-_MH26
PETROL(E20)/CNG,265,0,0,0,NANDED_-_MH26
PETROL(E20)/HYBRID,13,0,0,0,NANDED_-_MH26
PETROL(E20)/HYBRID/CNG,0,0,0,1,NANDED_-_MH26
PETROL/ETHANOL,9673,703,488,0,NANDED_-_MH26
PETROL/HYBRID,93,157,254,207,NANDED_-_MH26
PETROL/HYBRID/CNG,0,1,5,2,NANDED_-_MH26
PETROL/LPG,0,0,3,6,NANDED_-_MH26
PURE EV,3858,1372,0,0,NANDED_-_MH26
STRONG HYBRID EV,74,34,0,0,NANDED_-_MH26
CNG ONLY,154,63,6,2,NANDURBAR_-_MH39
DIESEL,3722,2178,2327,2205,NANDURBAR_-_MH39
DIESEL/HYBRID,1,0,0,0,NANDURBAR_-_MH39
ELECTRIC(BOV),38,407,626,214,NANDURBAR_-_MH39
LPG ONLY,0,9,10,5,NANDURBAR_-_MH39
NOT APPLICABLE,223,175,169,174,NANDURBAR_-_MH39
PETROL,14187,13969,12060,11535,NANDURBAR_-_MH39
PETROL/CNG,595,388,114,54,NANDURBAR_-_MH39
PETROL(E20)/CNG,60,0,0,0,NANDURBAR_-_MH39
PETROL(E20)/HYBRID,6,0,0,0,NANDURBAR_-_MH39
PETROL/ETHANOL,3759,367,164,0,NANDURBAR_-_MH39
PETROL/HYBRID,33,96,86,98,NANDURBAR_-_MH39
PETROL/LPG,10,10,9,4,NANDURBAR_-_MH39
PURE EV,753,417,0,0,NANDURBAR_-_MH39
STRONG HYBRID EV,13,3,0,0,NANDURBAR_-_MH39
CNG ONLY,2379,2745,2013,1412,NASHIK-MH15
DIESEL,23700,16314,14720,16132,NASHIK-MH15
DIESEL/HYBRID,55,39,24,2,NASHIK-MH15
ELECTRIC(BOV),1782,7389,7882,5603,NASHIK-MH15
ETHANOL,2,0,0,0,NASHIK-MH15
LPG ONLY,1125,402,108,65,NASHIK-MH15
NOT APPLICABLE,967,531,642,995,NASHIK-MH15
PETROL,61836,78060,68923,71472,NASHIK-MH15
PETROL/CNG,7586,6451,4594,3673,NASHIK-MH15
PETROL(E20)/CNG,900,0,0,0,NASHIK-MH15
PETROL(E20)/HYBRID,99,0,0,0,NASHIK-MH15
PETROL/ETHANOL,28772,2948,1799,0,NASHIK-MH15
PETROL/HYBRID,565,731,957,586,NASHIK-MH15
PETROL/HYBRID/CNG,0,0,1,0,NASHIK-MH15
PETROL/LPG,4,4,12,12,NASHIK-MH15
PURE EV,12649,4130,0,0,NASHIK-MH15
STRONG HYBRID EV,524,231,0,0,NASHIK-MH15
CNG ONLY,3500,3142,2413,2376,PANVEL_-_MH46
DIESEL,10947,9702,8412,7047,PANVEL_-_MH46
DIESEL/HYBRID,46,31,17,3,PANVEL_-_MH46
ELECTRIC(BOV),479,2932,3049,2463,PANVEL_-_MH46
ETHANOL,9,0,0,0,PANVEL_-_MH46
LNG,0,5,0,0,PANVEL_-_MH46
NOT APPLICABLE,21,32,18,18,PANVEL_-_MH46
PETROL,31734,38637,34958,33381,PANVEL_-_MH46
PETROL/CNG,9661,9249,7604,7965,PANVEL_-_MH46
PETROL(E20)/CNG,1240,0,0,0,PANVEL_-_MH46
PETROL(E20)/HYBRID,72,0,0,0,PANVEL_-_MH46
PETROL(E20)/HYBRID/CNG,0,0,1,0,PANVEL_-_MH46
PETROL/ETHANOL,15228,2096,891,0,PANVEL_-_MH46
PETROL/HYBRID,422,769,1059,667,PANVEL_-_MH46
PURE EV,2908,1007,0,0,PANVEL_-_MH46
STRONG HYBRID EV,427,235,0,0,PANVEL_-_MH46
CNG ONLY,374,268,20,2,PARBHANI_-_MH22
DIESEL,4490,2761,2819,3405,PARBHANI_-_MH22
DIESEL/HYBRID,2,0,0,0,PARBHANI_-_MH22
ELECTRIC(BOV),178,984,814,515,PARBHANI_-_MH22
ETHANOL,1,0,0,0,PARBHANI_-_MH22
LPG ONLY,620,627,792,354,PARBHANI_-_MH22
NOT APPLICABLE,609,246,281,630,PARBHANI_-_MH22
PETROL,21395,23429,20581,21319,PARBHANI_-_MH22
PETROL/CNG,1211,972,397,214,PARBHANI_-_MH22
PETROL(E20)/CNG,140,0,0,0,PARBHANI_-_MH22
PETROL(E20)/HYBRID,5,0,0,0,PARBHANI_-_MH22
PETROL/ETHANOL,5259,462,319,0,PARBHANI_-_MH22
PETROL/HYBRID,46,60,100,60,PARBHANI_-_MH22
PETROL/LPG,0,1,73,85,PARBHANI_-_MH22
PURE EV,1830,726,0,0,PARBHANI_-_MH22
STRONG HYBRID EV,29,18,0,0,PARBHANI_-_MH22
CNG ONLY,1623,1145,675,726,PEN_RAIGAD-MH06
DIESEL,2506,2210,1979,1874,PEN_RAIGAD-MH06
DIESEL/HYBRID,7,2,3,0,PEN_RAIGAD-MH06
ELECTRIC(BOV),456,1465,1571,1077,PEN_RAIGAD-MH06
ETHANOL,4,1,0,0,PEN_RAIGAD-MH06
PETROL,19530,21268,18715,17891,PEN_RAIGAD-MH06
PETROL/CNG,3321,2697,2114,2214,PEN_RAIGAD-MH06
PETROL(E20)/CNG,513,0,0,0,PEN_RAIGAD-MH06
PETROL(E20)/HYBRID,23,0,0,0,PEN_RAIGAD-MH06
PETROL/ETHANOL,7436,1313,657,0,PEN_RAIGAD-MH06
PETROL/HYBRID,76,149,210,206,PEN_RAIGAD-MH06
PETROL/HYBRID/CNG,0,0,0,1,PEN_RAIGAD-MH06
PURE EV,1353,448,0,0,PEN_RAIGAD-MH06
STRONG HYBRID EV,94,54,0,0,PEN_RAIGAD-MH06
CNG ONLY,140,166,116,57,PHALTAN_-_MH53
DIESEL,2291,1727,1907,1931,PHALTAN_-_MH53
DIESEL/HYBRID,1,1,0,0,PHALTAN_-_MH53
ELECTRIC(BOV),91,563,519,371,PHALTAN_-_MH53
LPG ONLY,0,2,2,0,PHALTAN_-_MH53
NOT APPLICABLE,332,151,188,170,PHALTAN_-_MH53
PETROL,6937,9631,10175,9347,PHALTAN_-_MH53
PETROL/CNG,629,894,807,496,PHALTAN_-_MH53
PETROL(E20)/CNG,59,0,0,0,PHALTAN_-_MH53
PETROL(E20)/HYBRID,7,0,0,0,PHALTAN_-_MH53
PETROL/ETHANOL,2412,290,191,0,PHALTAN_-_MH53
PETROL/HYBRID,19,54,87,67,PHALTAN_-_MH53
PETROL/LPG,5,6,3,23,PHALTAN_-_MH53
PURE EV,930,277,0,0,PHALTAN_-_MH53
STRONG HYBRID EV,16,10,0,0,PHALTAN_-_MH53
CNG ONLY,15032,16047,15077,10091,PUNE-MH12
DIESEL,33032,28435,26967,23442,PUNE-MH12
DIESEL/HYBRID,264,213,84,22,PUNE-MH12
ELECTRIC(BOV),4431,22936,33903,25480,PUNE-MH12
ETHANOL,60,8,0,0,PUNE-MH12
NOT APPLICABLE,111,47,70,84,PUNE-MH12
PETROL,140474,185640,182052,172193,PUNE-MH12
PETROL/CNG,27539,26106,24010,18533,PUNE-MH12
PETROL(E20)/CNG,2580,0,0,0,PUNE-MH12
PETROL(E20)/HYBRID,456,0,0,0,PUNE-MH12
PETROL/ETHANOL,71992,5946,3828,0,PUNE-MH12
PETROL/HYBRID,2436,3831,5505,2817,PUNE-MH12
PETROL/LPG,2,2,1,0,PUNE-MH12
PLUG-IN HYBRID EV,0,2,0,0,PUNE-MH12
PURE EV,30317,11501,0,0,PUNE-MH12
STRONG HYBRID EV,2792,1549,0,0,PUNE-MH12
CNG ONLY,5056,4378,3627,2221,R.T.O.BORIVALI_-_MH47
DIESEL,5230,5528,5531,4919,R.T.O.BORIVALI_-_MH47
DIESEL/HYBRID,91,83,27,13,R.T.O.BORIVALI_-_MH47
ELECTRIC(BOV),485,2023,3414,3111,R.T.O.BORIVALI_-_MH47
ETHANOL,7,1,0,0,R.T.O.BORIVALI_-_MH47
NOT APPLICABLE,0,2,0,0,R.T.O.BORIVALI_-_MH47
PETROL,38196,49694,45367,46735,R.T.O.BORIVALI_-_MH47
PETROL/CNG,4386,4622,3584,3528,R.T.O.BORIVALI_-_MH47
PETROL(E20)/CNG,649,0,0,0,R.T.O.BORIVALI_-_MH47
PETROL(E20)/HYBRID,210,0,0,0,R.T.O.BORIVALI_-_MH47
PETROL/ETHANOL,18798,2212,1033,0,R.T.O.BORIVALI_-_MH47
PETROL/HYBRID,1092,1758,2250,1341,R.T.O.BORIVALI_-_MH47
PLUG-IN HYBRID EV,0,1,0,0,R.T.O.BORIVALI_-_MH47
PURE EV,3037,547,0,0,R.T.O.BORIVALI_-_MH47
STRONG HYBRID EV,1024,632,0,0,R.T.O.BORIVALI_-_MH47
CNG ONLY,829,709,408,311,RTO_AHILYANAGAR_-_MH16
DIESEL,15549,11127,9576,10276,RTO_AHILYANAGAR_-_MH16
DIESEL/HYBRID,12,9,1,1,RTO_AHILYANAGAR_-_MH16
ELECTRIC(BOV),476,4112,5172,2329,RTO_AHILYANAGAR_-_MH16
LPG ONLY,0,2,0,1,RTO_AHILYANAGAR_-_MH16
NOT APPLICABLE,72,10,28,114,RTO_AHILYANAGAR_-_MH16
PETROL,30025,38615,35009,34862,RTO_AHILYANAGAR_-_MH16
PETROL/CNG,3986,3654,2416,1945,RTO_AHILYANAGAR_-_MH16
PETROL(E20)/CNG,587,0,0,0,RTO_AHILYANAGAR_-_MH16
PETROL(E20)/HYBRID,28,0,0,0,RTO_AHILYANAGAR_-_MH16
PETROL/ETHANOL,9553,963,566,0,RTO_AHILYANAGAR_-_MH16
PETROL/HYBRID,140,246,361,212,RTO_AHILYANAGAR_-_MH16
PETROL/LPG,0,0,1,0,RTO_AHILYANAGAR_-_MH16
PURE EV,7570,3303,0,0,RTO_AHILYANAGAR_-_MH16
STRONG HYBRID EV,142,70,0,0,RTO_AHILYANAGAR_-_MH16
CNG ONLY,103,75,2,0,RTO_CHANDRAPUR_-_MH34
DIESEL,6938,4951,5112,5382,RTO_CHANDRAPUR_-_MH34
DIESEL/HYBRID,3,0,0,0,RTO_CHANDRAPUR_-_MH34
ELECTRIC(BOV),475,1460,1203,531,RTO_CHANDRAPUR_-_MH34
ETHANOL,0,1,0,0,RTO_CHANDRAPUR_-_MH34
LNG,7,0,0,0,RTO_CHANDRAPUR_-_MH34
LPG ONLY,28,42,66,18,RTO_CHANDRAPUR_-_MH34
NOT APPLICABLE,1003,628,458,409,RTO_CHANDRAPUR_-_MH34
PETROL,29214,36553,30121,27911,RTO_CHANDRAPUR_-_MH34
PETROL/CNG,556,230,57,47,RTO_CHANDRAPUR_-_MH34
PETROL(E20)/CNG,47,0,0,0,RTO_CHANDRAPUR_-_MH34
PETROL(E20)/HYBRID,80,0,0,0,RTO_CHANDRAPUR_-_MH34
PETROL/ETHANOL,12535,403,239,0,RTO_CHANDRAPUR_-_MH34
PETROL/HYBRID,373,531,468,311,RTO_CHANDRAPUR_-_MH34
PETROL/LPG,0,0,7,16,RTO_CHANDRAPUR_-_MH34
PURE EV,2282,965,0,0,RTO_CHANDRAPUR_-_MH34
STRONG HYBRID EV,53,32,0,0,RTO_CHANDRAPUR_-_MH34
CNG ONLY,30,30,9,0,RTO_JALGAON_-_MH19
DIESEL,6369,4100,4230,4602,RTO_JALGAON_-_MH19
DIESEL/HYBRID,5,2,0,0,RTO_JALGAON_-_MH19
ELECTRIC(BOV),524,2572,2591,1480,RTO_JALGAON_-_MH19
ETHANOL,3,0,0,0,RTO_JALGAON_-_MH19
LPG ONLY,521,403,371,206,RTO_JALGAON_-_MH19
NOT APPLICABLE,373,308,372,308,RTO_JALGAON_-_MH19
PETROL,29656,37630,33770,32971,RTO_JALGAON_-_MH19
PETROL/CNG,801,532,255,103,RTO_JALGAON_-_MH19
PETROL(E20)/CNG,92,0,0,0,RTO_JALGAON_-_MH19
PETROL(E20)/HYBRID,45,0,0,0,RTO_JALGAON_-_MH19
PETROL(E20)/LPG,15,0,0,0,RTO_JALGAON_-_MH19
PETROL/ETHANOL,13790,875,502,0,RTO_JALGAON_-_MH19
PETROL/HYBRID,230,323,377,314,RTO_JALGAON_-_MH19
PETROL/HYBRID/CNG,1,1,0,0,RTO_JALGAON_-_MH19
PETROL/LPG,172,131,77,87,RTO_JALGAON_-_MH19
PURE EV,4239,1665,0,0,RTO_JALGAON_-_MH19
STRONG HYBRID EV,64,36,0,0,RTO_JALGAON_-_MH19
CNG ONLY,1119,1245,1107,632,RTO_LATUR_-_MH24
DIESEL,5293,4122,3856,4327,RTO_LATUR_-_MH24
DIESEL/HYBRID,5,2,0,0,RTO_LATUR_-_MH24
ELECTRIC(BOV),364,1654,2756,1533,RTO_LATUR_-_MH24
LPG ONLY,5,8,2,7,RTO_LATUR_-_MH24
NOT APPLICABLE,535,65,126,327,RTO_LATUR_-_MH24
PETROL,21042,23457,22057,23147,RTO_LATUR_-_MH24
PETROL/CNG,2126,2053,1551,1354,RTO_LATUR_-_MH24
PETROL(E20)/CNG,238,0,0,0,RTO_LATUR_-_MH24
PETROL(E20)/HYBRID,10,0,0,0,RTO_LATUR_-_MH24
PETROL/ETHANOL,5625,666,402,0,RTO_LATUR_-_MH24
PETROL/HYBRID,46,101,163,78,RTO_LATUR_-_MH24
PURE EV,2924,1129,0,0,RTO_LATUR_-_MH24
STRONG HYBRID EV,92,51,0,0,RTO_LATUR_-_MH24
CNG ONLY,9663,9063,7576,6464,RTO_PIMPRI_CHINCHWAD-MH14
DIESEL,27013,22018,20307,17203,RTO_PIMPRI_CHINCHWAD-MH14
DIESEL/HYBRID,193,100,38,14,RTO_PIMPRI_CHINCHWAD-MH14
ELECTRIC(BOV),1872,10883,17276,15843,RTO_PIMPRI_CHINCHWAD-MH14
ETHANOL,28,4,0,0,RTO_PIMPRI_CHINCHWAD-MH14
LNG,296,130,129,15,RTO_PIMPRI_CHINCHWAD-MH14
NOT APPLICABLE,321,126,102,49,RTO_PIMPRI_CHINCHWAD-MH14
PETROL,90042,115336,107248,92877,RTO_PIMPRI_CHINCHWAD-MH14
PETROL/CNG,23797,22680,19588,15510,RTO_PIMPRI_CHINCHWAD-MH14
PETROL(E20)/CNG,2302,0,0,0,RTO_PIMPRI_CHINCHWAD-MH14
PETROL(E20)/HYBRID,215,0,0,0,RTO_PIMPRI_CHINCHWAD-MH14
PETROL/ETHANOL,45977,3212,2091,0,RTO_PIMPRI_CHINCHWAD-MH14
PETROL/HYBRID,1183,1775,2659,1299,RTO_PIMPRI_CHINCHWAD-MH14
PLUG-IN HYBRID EV,2,2,0,0,RTO_PIMPRI_CHINCHWAD-MH14
PURE EV,14316,5532,0,0,RTO_PIMPRI_CHINCHWAD-MH14
STRONG HYBRID EV,1350,683,0,0,RTO_PIMPRI_CHINCHWAD-MH14
CNG ONLY,9663,9063,7576,6464,RTO_PIMPRI_CHINCHWAD_-_MH14
DIESEL,27013,22018,20307,17203,RTO_PIMPRI_CHINCHWAD_-_MH14
DIESEL/HYBRID,193,100,38,14,RTO_PIMPRI_CHINCHWAD_-_MH14
ELECTRIC(BOV),1872,10883,17276,15843,RTO_PIMPRI_CHINCHWAD_-_MH14
ETHANOL,28,4,0,0,RTO_PIMPRI_CHINCHWAD_-_MH14
LNG,296,130,129,15,RTO_PIMPRI_CHINCHWAD_-_MH14
NOT APPLICABLE,321,126,102,49,RTO_PIMPRI_CHINCHWAD_-_MH14
PETROL,90042,115336,107248,92877,RTO_PIMPRI_CHINCHWAD_-_MH14
PETROL/CNG,23797,22680,19588,15510,RTO_PIMPRI_CHINCHWAD_-_MH14
PETROL(E20)/CNG,2302,0,0,0,RTO_PIMPRI_CHINCHWAD_-_MH14
PETROL(E20)/HYBRID,215,0,0,0,RTO_PIMPRI_CHINCHWAD_-_MH14
PETROL/ETHANOL,45977,3212,2091,0,RTO_PIMPRI_CHINCHWAD_-_MH14
PETROL/HYBRID,1183,1775,2659,1299,RTO_PIMPRI_CHINCHWAD_-_MH14
PLUG-IN HYBRID EV,2,2,0,0,RTO_PIMPRI_CHINCHWAD_-_MH14
PURE EV,14316,5532,0,0,RTO_PIMPRI_CHINCHWAD_-_MH14
STRONG HYBRID EV,1350,683,0,0,RTO_PIMPRI_CHINCHWAD_-_MH14
CNG ONLY,803,824,456,287,RTO_SATARA_-_MH11
DIESEL,6131,4284,3888,3627,RTO_SATARA_-_MH11
DIESEL/HYBRID,8,3,1,0,RTO_SATARA_-_MH11
ELECTRIC(BOV),601,2482,2393,1489,RTO_SATARA_-_MH11
LPG ONLY,9,7,18,9,RTO_SATARA_-_MH11
NOT APPLICABLE,366,219,207,317,RTO_SATARA_-_MH11
PETROL,23359,26613,24028,22562,RTO_SATARA_-_MH11
PETROL/CNG,2786,2127,1489,1090,RTO_SATARA_-_MH11
PETROL(E20)/CNG,322,0,0,0,RTO_SATARA_-_MH11
PETROL(E20)/HYBRID,26,0,0,0,RTO_SATARA_-_MH11
PETROL/ETHANOL,8723,870,482,0,RTO_SATARA_-_MH11
PETROL/HYBRID,127,199,263,183,RTO_SATARA_-_MH11
PETROL/LPG,5,2,3,21,RTO_SATARA_-_MH11
PURE EV,3716,1147,0,0,RTO_SATARA_-_MH11
STRONG HYBRID EV,105,51,0,0,RTO_SATARA_-_MH11
CNG ONLY,992,1262,981,441,RTO_SOLAPUR-MH13
DIESEL,12135,8753,8557,10024,RTO_SOLAPUR-MH13
DIESEL/HYBRID,6,3,0,2,RTO_SOLAPUR-MH13
ELECTRIC(BOV),665,3989,4617,1798,RTO_SOLAPUR-MH13
ETHANOL,3,0,0,0,RTO_SOLAPUR-MH13
LPG ONLY,284,189,151,101,RTO_SOLAPUR-MH13
NOT APPLICABLE,289,140,335,399,RTO_SOLAPUR-MH13
PETROL,42390,47867,44893,44434,RTO_SOLAPUR-MH13
PETROL/CNG,3388,2813,2024,1410,RTO_SOLAPUR-MH13
PETROL(E20)/CNG,369,0,0,0,RTO_SOLAPUR-MH13
PETROL(E20)/HYBRID,15,0,0,0,RTO_SOLAPUR-MH13
PETROL(E20)/LPG,0,1,0,0,RTO_SOLAPUR-MH13
PETROL/ETHANOL,11184,1080,582,0,RTO_SOLAPUR-MH13
PETROL/HYBRID,148,206,295,235,RTO_SOLAPUR-MH13
PETROL/HYBRID/CNG,0,1,0,0,RTO_SOLAPUR-MH13
PETROL/LPG,4,12,15,23,RTO_SOLAPUR-MH13
PURE EV,8068,2647,0,0,RTO_SOLAPUR-MH13
STRONG HYBRID EV,110,48,0,0,RTO_SOLAPUR-MH13
CNG ONLY,992,1262,981,441,RTO_SOLAPUR_-_MH13
DIESEL,12135,8753,8557,10024,RTO_SOLAPUR_-_MH13
DIESEL/HYBRID,6,3,0,2,RTO_SOLAPUR_-_MH13
ELECTRIC(BOV),665,3989,4617,1798,RTO_SOLAPUR_-_MH13
ETHANOL,3,0,0,0,RTO_SOLAPUR_-_MH13
LPG ONLY,284,189,151,101,RTO_SOLAPUR_-_MH13
NOT APPLICABLE,289,140,335,399,RTO_SOLAPUR_-_MH13
PETROL,42390,47867,44893,44434,RTO_SOLAPUR_-_MH13
PETROL/CNG,3388,2813,2024,1410,RTO_SOLAPUR_-_MH13
PETROL(E20)/CNG,369,0,0,0,RTO_SOLAPUR_-_MH13
PETROL(E20)/HYBRID,15,0,0,0,RTO_SOLAPUR_-_MH13
PETROL(E20)/LPG,0,1,0,0,RTO_SOLAPUR_-_MH13
PETROL/ETHANOL,11184,1080,582,0,RTO_SOLAPUR_-_MH13
PETROL/HYBRID,148,206,295,235,RTO_SOLAPUR_-_MH13
PETROL/HYBRID/CNG,0,1,0,0,RTO_SOLAPUR_-_MH13
PETROL/LPG,4,12,15,23,RTO_SOLAPUR_-_MH13
PURE EV,8068,2647,0,0,RTO_SOLAPUR_-_MH13
STRONG HYBRID EV,110,48,0,0,RTO_SOLAPUR_-_MH13
CNG ONLY,1089,927,534,278,SANGLI-MH10
DIESEL,9721,7053,8263,8361,SANGLI-MH10
DIESEL/HYBRID,24,10,2,1,SANGLI-MH10
ELECTRIC(BOV),646,3869,6017,4155,SANGLI-MH10
ETHANOL,1,2,0,0,SANGLI-MH10
LPG ONLY,5,7,14,19,SANGLI-MH10
NOT APPLICABLE,548,349,504,471,SANGLI-MH10
PETROL,39934,43558,39354,39602,SANGLI-MH10
PETROL/CNG,4014,3407,2296,1699,SANGLI-MH10
PETROL(E20)/CNG,484,0,0,0,SANGLI-MH10
PETROL(E20)/HYBRID,32,0,0,0,SANGLI-MH10
PETROL/ETHANOL,11762,1164,802,0,SANGLI-MH10
PETROL/HYBRID,220,358,467,345,SANGLI-MH10
PETROL/LPG,9,8,10,35,SANGLI-MH10
PURE EV,6670,2261,0,0,SANGLI-MH10
STRONG HYBRID EV,175,103,0,0,SANGLI-MH10
CNG ONLY,1089,927,534,278,SANGLI_-_MH10
DIESEL,9721,7053,8263,8361,SANGLI_-_MH10
DIESEL/HYBRID,24,10,2,1,SANGLI_-_MH10
ELECTRIC(BOV),646,3869,6017,4155,SANGLI_-_MH10
ETHANOL,1,2,0,0,SANGLI_-_MH10
LPG ONLY,5,7,14,19,SANGLI_-_MH10
NOT APPLICABLE,548,349,504,471,SANGLI_-_MH10
PETROL,39934,43558,39354,39602,SANGLI_-_MH10
PETROL/CNG,4014,3407,2296,1699,SANGLI_-_MH10
PETROL(E20)/CNG,484,0,0,0,SANGLI_-_MH10
PETROL(E20)/HYBRID,32,0,0,0,SANGLI_-_MH10
PETROL/ETHANOL,11762,1164,802,0,SANGLI_-_MH10
PETROL/HYBRID,220,358,467,345,SANGLI_-_MH10
PETROL/LPG,9,8,10,35,SANGLI_-_MH10
PURE EV,6670,2261,0,0,SANGLI_-_MH10
STRONG HYBRID EV,175,103,0,0,SANGLI_-_MH10
CNG ONLY,803,824,456,287,SATARA-MH11
DIESEL,6131,4284,3888,3627,SATARA-MH11
DIESEL/HYBRID,8,3,1,0,SATARA-MH11
ELECTRIC(BOV),601,2482,2393,1489,SATARA-MH11
LPG ONLY,9,7,18,9,SATARA-MH11
NOT APPLICABLE,366,219,207,317,SATARA-MH11
PETROL,23359,26613,24028,22562,SATARA-MH11
PETROL/CNG,2786,2127,1489,1090,SATARA-MH11
PETROL(E20)/CNG,322,0,0,0,SATARA-MH11
PETROL(E20)/HYBRID,26,0,0,0,SATARA-MH11
PETROL/ETHANOL,8723,870,482,0,SATARA-MH11
PETROL/HYBRID,127,199,263,183,SATARA-MH11
PETROL/LPG,5,2,3,21,SATARA-MH11
PURE EV,3716,1147,0,0,SATARA-MH11
STRONG HYBRID EV,105,51,0,0,SATARA-MH11
CNG ONLY,895,686,513,488,SINDHUDURG_KUDAL_-_MH7
DIESEL,1389,1181,1094,971,SINDHUDURG_KUDAL_-_MH7
DIESEL/HYBRID,1,0,0,0,SINDHUDURG_KUDAL_-_MH7
ELECTRIC(BOV),271,856,912,360,SINDHUDURG_KUDAL_-_MH7
ETHANOL,0,1,0,0,SINDHUDURG_KUDAL_-_MH7
LPG ONLY,42,107,150,13,SINDHUDURG_KUDAL_-_MH7
NOT APPLICABLE,1,0,0,2,SINDHUDURG_KUDAL_-_MH7
PETROL,11070,12522,11714,11288,SINDHUDURG_KUDAL_-_MH7
PETROL/CNG,1101,894,548,724,SINDHUDURG_KUDAL_-_MH7
PETROL(E20)/CNG,142,0,0,0,SINDHUDURG_KUDAL_-_MH7
PETROL(E20)/HYBRID,6,0,0,0,SINDHUDURG_KUDAL_-_MH7
PETROL/ETHANOL,4536,719,423,0,SINDHUDURG_KUDAL_-_MH7
PETROL/HYBRID,105,106,150,103,SINDHUDURG_KUDAL_-_MH7
PETROL/LPG,0,0,8,2,SINDHUDURG_KUDAL_-_MH7
PURE EV,1692,602,0,0,SINDHUDURG_KUDAL_-_MH7
STRONG HYBRID EV,32,20,0,0,SINDHUDURG_KUDAL_-_MH7
CNG ONLY,436,410,174,125,SRIRAMPUR_-_MH17
DIESEL,10997,7712,7124,6949,SRIRAMPUR_-_MH17
DIESEL/HYBRID,4,0,0,0,SRIRAMPUR_-_MH17
ELECTRIC(BOV),496,2372,2276,1138,SRIRAMPUR_-_MH17
ETHANOL,1,1,0,0,SRIRAMPUR_-_MH17
LPG ONLY,1,7,17,6,SRIRAMPUR_-_MH17
NOT APPLICABLE,312,179,199,340,SRIRAMPUR_-_MH17
PETROL,27403,37441,34714,31142,SRIRAMPUR_-_MH17
PETROL/CNG,2715,2333,1472,1179,SRIRAMPUR_-_MH17
PETROL(E20)/CNG,352,0,0,0,SRIRAMPUR_-_MH17
PETROL(E20)/HYBRID,15,0,0,0,SRIRAMPUR_-_MH17
PETROL(E20)/LPG,1,0,0,0,SRIRAMPUR_-_MH17
PETROL/ETHANOL,11996,971,596,0,SRIRAMPUR_-_MH17
PETROL/HYBRID,183,178,182,113,SRIRAMPUR_-_MH17
PETROL/LPG,0,0,0,1,SRIRAMPUR_-_MH17
PURE EV,6281,2383,0,0,SRIRAMPUR_-_MH17
STRONG HYBRID EV,106,50,0,0,SRIRAMPUR_-_MH17
CNG ONLY,6592,6010,4194,4212,THANE-MH04
DIESEL,14113,12447,11571,10816,THANE-MH04
DIESEL/HYBRID,67,48,20,1,THANE-MH04
ELECTRIC(BOV),609,2529,3427,3539,THANE-MH04
ETHANOL,9,6,0,0,THANE-MH04
LNG,0,20,0,0,THANE-MH04
NOT APPLICABLE,12,14,0,7,THANE-MH04
PETROL,59758,66571,60808,59686,THANE-MH04
PETROL/CNG,8311,8208,6702,6423,THANE-MH04
PETROL(E20)/CNG,1081,0,0,0,THANE-MH04
PETROL(E20)/HYBRID,132,0,0,0,THANE-MH04
PETROL/ETHANOL,21968,3406,1673,0,THANE-MH04
PETROL/HYBRID,764,1257,1651,960,THANE-MH04
PLUG-IN HYBRID EV,0,1,0,0,THANE-MH04
PURE EV,3463,883,0,0,THANE-MH04
STRONG HYBRID EV,853,532,0,0,THANE-MH04
CNG ONLY,595,582,289,219,UDGIR_-_MH55
DIESEL,1748,1017,972,1207,UDGIR_-_MH55
DIESEL/HYBRID,2,0,0,0,UDGIR_-_MH55
ELECTRIC(BOV),102,460,557,194,UDGIR_-_MH55
ETHANOL,1,0,0,0,UDGIR_-_MH55
LPG ONLY,0,0,1,7,UDGIR_-_MH55
NOT APPLICABLE,30,5,12,28,UDGIR_-_MH55
PETROL,6703,6734,5852,6665,UDGIR_-_MH55
PETROL/CNG,855,661,501,377,UDGIR_-_MH55
PETROL(E20)/CNG,79,0,0,0,UDGIR_-_MH55
PETROL(E20)/HYBRID,1,0,0,0,UDGIR_-_MH55
PETROL/ETHANOL,1893,175,100,0,UDGIR_-_MH55
PETROL/HYBRID,19,25,37,18,UDGIR_-_MH55
PURE EV,897,275,0,0,UDGIR_-_MH55
STRONG HYBRID EV,17,8,0,0,UDGIR_-_MH55
CNG ONLY,50,125,41,76,VAIJAPUR_-_MH57
DIESEL,3648,3318,2341,2481,VAIJAPUR_-_MH57
DIESEL/HYBRID,4,1,1,1,VAIJAPUR_-_MH57
ELECTRIC(BOV),133,934,756,444,VAIJAPUR_-_MH57
LPG ONLY,6,6,13,1,VAIJAPUR_-_MH57
NOT APPLICABLE,361,213,102,260,VAIJAPUR_-_MH57
PETROL,8037,11607,10701,9734,VAIJAPUR_-_MH57
PETROL/CNG,731,663,422,279,VAIJAPUR_-_MH57
PETROL(E20)/CNG,76,0,0,0,VAIJAPUR_-_MH57
PETROL(E20)/HYBRID,1,0,0,0,VAIJAPUR_-_MH57
PETROL/ETHANOL,3213,320,148,0,VAIJAPUR_-_MH57
PETROL/HYBRID,37,50,72,54,VAIJAPUR_-_MH57
PETROL/LPG,0,0,0,1,VAIJAPUR_-_MH57
PURE EV,1589,628,0,0,VAIJAPUR_-_MH57
STRONG HYBRID EV,28,15,0,0,VAIJAPUR_-_MH57
CNG ONLY,5107,4921,4076,3094,VASAI_-_MH48
DIESEL,8421,7179,7183,6347,VASAI_-_MH48
DIESEL/HYBRID,28,23,11,3,VASAI_-_MH48
ELECTRIC(BOV),766,3790,5069,3977,VASAI_-_MH48
ETHANOL,7,0,0,0,VASAI_-_MH48
NOT APPLICABLE,0,0,0,1,VASAI_-_MH48
PETROL,57289,66409,58609,53672,VASAI_-_MH48
PETROL/CNG,6084,6072,4632,3958,VASAI_-_MH48
PETROL(E20)/CNG,993,0,0,0,VASAI_-_MH48
PETROL(E20)/HYBRID,119,0,0,0,VASAI_-_MH48
PETROL/ETHANOL,22022,3569,1756,0,VASAI_-_MH48
PETROL/HYBRID,405,698,885,646,VASAI_-_MH48
PURE EV,3356,1180,0,0,VASAI_-_MH48
STRONG HYBRID EV,340,175,0,0,VASAI_-_MH48
CNG ONLY,3124,3105,2570,1999,VASHI_NEW_MUMBAI_-_MH43
DIESEL,7874,7183,6850,6252,VASHI_NEW_MUMBAI_-_MH43
DIESEL/HYBRID,51,44,23,6,VASHI_NEW_MUMBAI_-_MH43
ELECTRIC(BOV),262,1382,1964,1605,VASHI_NEW_MUMBAI_-_MH43
ETHANOL,5,1,0,0,VASHI_NEW_MUMBAI_-_MH43
LNG,0,13,0,0,VASHI_NEW_MUMBAI_-_MH43
NOT APPLICABLE,0,15,0,0,VASHI_NEW_MUMBAI_-_MH43
PETROL,17639,22741,21163,20864,VASHI_NEW_MUMBAI_-_MH43
PETROL/CNG,4710,5076,4046,3983,VASHI_NEW_MUMBAI_-_MH43
PETROL(E20)/CNG,590,0,0,0,VASHI_NEW_MUMBAI_-_MH43
PETROL(E20)/HYBRID,96,0,0,0,VASHI_NEW_MUMBAI_-_MH43
PETROL/ETHANOL,9287,972,507,0,VASHI_NEW_MUMBAI_-_MH43
PETROL/HYBRID,468,854,1315,846,VASHI_NEW_MUMBAI_-_MH43
PLUG-IN HYBRID EV,1,0,0,0,VASHI_NEW_MUMBAI_-_MH43
PURE EV,1748,529,0,0,VASHI_NEW_MUMBAI_-_MH43
STRONG HYBRID EV,612,336,0,0,VASHI_NEW_MUMBAI_-_MH43
CNG ONLY,77,34,0,0,WARDHA_-_MH32
DIESEL,3138,1908,1615,1955,WARDHA_-_MH32
DIESEL/HYBRID,1,0,1,0,WARDHA_-_MH32
ELECTRIC(BOV),730,1717,1730,879,WARDHA_-_MH32
NOT APPLICABLE,334,235,168,101,WARDHA_-_MH32
PETROL,14008,17016,14647,14746,WARDHA_-_MH32
PETROL/CNG,419,216,69,68,WARDHA_-_MH32
PETROL(E20)/CNG,42,0,0,0,WARDHA_-_MH32
PETROL(E20)/HYBRID,20,0,0,0,WARDHA_-_MH32
PETROL/ETHANOL,5252,205,123,0,WARDHA_-_MH32
PETROL/HYBRID,147,168,148,94,WARDHA_-_MH32
PURE EV,2759,1119,0,0,WARDHA_-_MH32
STRONG HYBRID EV,28,10,0,0,WARDHA_-_MH32
CNG ONLY,12,4,0,0,WASHIM_-_MH37
DIESEL,3489,2160,2305,2681,WASHIM_-_MH37
DIESEL/HYBRID,1,0,0,0,WASHIM_-_MH37
ELECTRIC(BOV),160,515,560,225,WASHIM_-_MH37
LPG ONLY,4,0,0,0,WASHIM_-_MH37
NOT APPLICABLE,269,308,337,313,WASHIM_-_MH37
PETROL,14025,18421,15646,15923,WASHIM_-_MH37
PETROL/CNG,329,177,42,19,WASHIM_-_MH37
PETROL(E20)/CNG,39,0,0,0,WASHIM_-_MH37
PETROL(E20)/HYBRID,10,0,0,0,WASHIM_-_MH37
PETROL/ETHANOL,4992,254,139,0,WASHIM_-_MH37
PETROL/HYBRID,97,170,150,106,WASHIM_-_MH37
PURE EV,986,360,0,0,WASHIM_-_MH37
STRONG HYBRID EV,23,8,0,0,WASHIM_-_MH37
CNG ONLY,52,12,0,0,YAWATMAL_-_MH29
DIESEL,6392,4513,4237,4391,YAWATMAL_-_MH29
DIESEL/HYBRID,5,5,2,2,YAWATMAL_-_MH29
ELECTRIC(BOV),470,2031,1630,622,YAWATMAL_-_MH29
LNG,0,0,0,0,YAWATMAL_-_MH29
LPG ONLY,104,94,52,53,YAWATMAL_-_MH29
NOT APPLICABLE,959,759,626,500,YAWATMAL_-_MH29
PETROL,29442,37484,33668,32736,YAWATMAL_-_MH29
PETROL/CNG,572,230,64,49,YAWATMAL_-_MH29
PETROL(E20)/CNG,59,0,0,0,YAWATMAL_-_MH29
PETROL(E20)/HYBRID,27,0,0,0,YAWATMAL_-_MH29
PETROL/ETHANOL,9507,620,353,0,YAWATMAL_-_MH29
PETROL/HYBRID,247,351,340,221,YAWATMAL_-_MH29
PETROL/HYBRID/CNG,0,1,0,1,YAWATMAL_-_MH29
PETROL/LPG,3,12,9,25,YAWATMAL_-_MH29
PURE EV,2662,1303,0,0,YAWATMAL_-_MH29
STRONG HYBRID EV,39,21,0,0,YAWATMAL_-_MH29
